fault,net,net_name,sa,status,restarts,conflicts,decisions,propagations,conflict_literals,memory_mb,cpu_time_sec,N1[0],N2[0],N3[0],N6[0],N7[0]
net_2_SA0,2,N1,0,SAT,1,0,1,4,0,5.74,0,1,0,1,0,0
net_3_SA1,3,N2,1,SAT,1,0,1,5,0,5.74,0,0,0,1,0,0
net_6_SA1,6,N7,1,SAT,1,0,1,6,0,5.74,0.000656,0,0,1,0,0
net_7_SA0,7,N22,0,SAT,1,0,1,1,0,5.74,0,1,0,1,0,0
net_7_SA1,7,N22,1,SAT,1,0,1,1,0,5.74,0.000607,0,0,1,1,1
net_8_SA0,8,N23,0,SAT,1,0,1,1,0,5.74,0,0,0,1,0,1
net_8_SA1,8,N23,1,SAT,1,0,1,1,0,5.74,0.000791,0,1,1,1,1
net_11_SA1,11,$abc$102$new_n10_,1,SAT,1,0,1,5,0,5.74,0,0,0,0,0,1
net_12_SA0,12,$abc$102$new_n12_,0,SAT,1,0,1,4,0,5.74,0.000652,0,0,0,0,0
